{"cameraMode":{"drawMode":0,"name":"Shaded","section":"Shading Mode"},"sceneLighting":false,"audioPlay":false,"sceneViewState":{"m_AlwaysRefresh":false,"showFog":true,"showSkybox":false,"showFlares":true,"showImageEffects":true,"showParticleSystems":true,"showVisualEffectGraphs":true,"m_FxEnabled":true},"in2DMode":false,"pivot":{"x":19.542497634887697,"y":15.270000457763672,"z":2.4975028038024904},"rotation":{"x":0.12448001652956009,"y":0.0163562148809433,"z":-0.0021744812838733198,"w":0.9921836256980896},"size":32.56178283691406,"orthographic":false}