{"cameraMode":{"drawMode":0,"name":"Shaded","section":"Shading Mode"},"sceneLighting":true,"audioPlay":false,"sceneViewState":{"m_AlwaysRefresh":false,"showFog":true,"showSkybox":true,"showFlares":true,"showImageEffects":true,"showParticleSystems":true,"showVisualEffectGraphs":true,"m_FxEnabled":true},"in2DMode":false,"pivot":{"x":6.44112491607666,"y":-22.032926559448243,"z":16.19048309326172},"rotation":{"x":0.5335724353790283,"y":0.012683313339948655,"z":-0.008002878166735173,"w":0.8457692861557007},"size":26.925823211669923,"orthographic":false}