{"cameraMode":{"drawMode":0,"name":"Shaded","section":"Shading Mode"},"sceneLighting":true,"audioPlay":false,"sceneViewState":{"m_AlwaysRefresh":false,"showFog":true,"showSkybox":true,"showFlares":true,"showImageEffects":true,"showParticleSystems":true,"showVisualEffectGraphs":true,"m_FxEnabled":true},"in2DMode":false,"pivot":{"x":1505.547607421875,"y":228.98390197753907,"z":-3.5653960704803469},"rotation":{"x":0.41614463925361636,"y":0.024547848850488664,"z":-0.011232704855501652,"w":0.9090341329574585},"size":46.477874755859378,"orthographic":false}