{"cameraMode":{"drawMode":0,"name":"Shaded","section":"Shading Mode"},"sceneLighting":true,"audioPlay":false,"sceneViewState":{"m_AlwaysRefresh":false,"showFog":true,"showSkybox":true,"showFlares":true,"showImageEffects":true,"showParticleSystems":true,"showVisualEffectGraphs":true,"m_FxEnabled":true},"in2DMode":false,"pivot":{"x":6.090000152587891,"y":10.060001373291016,"z":-30.669998168945314},"rotation":{"x":0.2160971760749817,"y":-0.011748871766030789,"z":0.00245651719160378,"w":0.9763879179954529},"size":12.12435531616211,"orthographic":false}